AMP,RMS,ZCR,FREQ. RANGE,TIME DECAY,SOURCE,CLASS
0.5045454,0.36726484,154,Low,Slow,Synthesized,KICK
0.2778165,0.20587227,1783,Low,Slow,Synthesized,KICK
0.372127,0.2720401,35,Low,Slow,Synthesized,KICK
0.41519433,0.32503214,436,Low,Slow,Synthesized,KICK
0.24149981,0.18238968,66,Low,Slow,Synthesized,KICK
0.38758922,0.24282892,58,Low,Slow,Synthesized,KICK
0.28693736,0.20719776,47,Low,Slow,Synthesized,KICK
0.6197219,0.4619862,135,Low,Slow,Synthesized,KICK
0.5840009,0.41662398,57,Low,Slow,Synthesized,KICK
0.64396787,0.49080443,107,Low,Slow,Synthesized,KICK
0.4761526,0.35396358,151,Low,Slow,Synthesized,KICK
0.6053938,0.44631526,47,Low,Slow,Synthesized,KICK
0.44360423,0.33100307,43,Low,Slow,Synthesized,KICK
0.6019587,0.4647325,62,Low,Slow,Synthesized,KICK
0.49856758,0.4008497,199,Low,Slow,Synthesized,KICK
0.33135536,0.22936696,125,Low,Slow,Synthesized,KICK
0.36049134,0.24441826,76,Low,Slow,Synthesized,KICK
0.5927512,0.4593949,65,Low,Slow,Synthesized,KICK
0.60248786,0.47405192,60,Low,Slow,Synthesized,KICK
0.4980115,0.37594986,50,Low,Slow,Synthesized,KICK
0.57513565,0.4036211,53,Low,Slow,Synthesized,KICK
0.2609187,0.1762199,125,Low,Slow,Synthesized,KICK
0.5368241,0.4039087,43,Low,Slow,Synthesized,KICK
0.46762028,0.3095396,92,Low,Slow,Synthesized,KICK
0.38289785,0.25794545,130,Low,Slow,Synthesized,KICK
0.32111713,0.23722391,47,Low,Slow,Synthesized,KICK
0.4357338,0.3141463,66,Low,Slow,Synthesized,KICK
0.5015315,0.38145667,56,Low,Slow,Synthesized,KICK
0.5289561,0.4099196,39,Low,Slow,Synthesized,KICK
0.5135709,0.39269137,59,Low,Slow,Synthesized,KICK
0.49369767,0.39239866,102,Low,Slow,Synthesized,KICK
0.65262395,0.5056443,40,Low,Slow,Synthesized,KICK
0.60722506,0.42441022,68,Low,Slow,Synthesized,KICK
0.46602714,0.32081878,103,Low,Slow,Synthesized,KICK
0.56868094,0.38381714,99,Low,Slow,Synthesized,KICK
0.632018,0.4661715,42,Low,Slow,Synthesized,KICK
0.40255308,0.25889203,140,Low,Slow,Synthesized,KICK
0.6651288,0.44452992,76,Low,Slow,Synthesized,KICK
0.39057118,0.24905917,401,Low,Slow,Synthesized,KICK
0.258126,0.17762278,114,Low,Slow,Synthesized,KICK
0.41441968,0.2807236,69,Low,Slow,Synthesized,KICK
0.67820346,0.56369776,24,Low,Slow,Synthesized,KICK
0.6618434,0.46327215,58,Low,Slow,Synthesized,KICK
0.46870297,0.3421819,82,Low,Slow,Synthesized,KICK
0.3992466,0.28427315,250,Low,Slow,Synthesized,KICK
0.5511794,0.40998846,45,Low,Slow,Synthesized,KICK
0.42876366,0.31466708,46,Low,Slow,Synthesized,KICK
0.46885264,0.33394074,83,Low,Slow,Synthesized,KICK
0.6368614,0.4660218,81,Low,Slow,Synthesized,KICK
0.56645143,0.4247262,323,Low,Slow,Synthesized,KICK
0.5214941,0.398389,193,Low,Slow,Synthesized,KICK
0.5774851,0.44841346,96,Low,Slow,Synthesized,KICK
0.44364133,0.3367996,37,Low,Slow,Synthesized,KICK
0.5042106,0.33564994,68,Low,Slow,Synthesized,KICK
0.51123947,0.39583227,81,Low,Slow,Synthesized,KICK
0.59923595,0.4544855,55,Low,Slow,Synthesized,KICK
0.31217298,0.21256438,148,Low,Slow,Synthesized,KICK
0.3133114,0.21382554,52,Low,Slow,Synthesized,KICK
0.69483596,0.47630438,80,Low,Slow,Synthesized,KICK
0.39444256,0.24473682,93,Low,Slow,Synthesized,KICK
0.4920896,0.33604813,43,Low,Slow,Synthesized,KICK
0.45603597,0.35224834,63,Low,Slow,Synthesized,KICK
0.28183043,0.18577093,66,Low,Slow,Synthesized,KICK
0.51545495,0.35157892,47,Low,Slow,Synthesized,KICK
0.24131359,0.19353004,792,Low,Slow,Synthesized,KICK
0.23722206,0.16741061,46,Low,Slow,Synthesized,KICK
0.2572684,0.17671078,3874,Low,Slow,Synthesized,KICK
0.18906671,0.15363555,78,Low,Slow,Synthesized,KICK
0.2920504,0.25425383,48,Low,Slow,Synthesized,KICK
0.28558174,0.22764367,45,Low,Slow,Synthesized,KICK
0.15287194,0.12575561,117,Low,Slow,Synthesized,KICK
0.11989194,0.08293004,35,Low,Slow,Synthesized,KICK
0.124011815,0.07933889,25,Low,Slow,Synthesized,KICK
0.16529083,0.12429978,68,Low,Slow,Synthesized,KICK
0.14566803,0.099412985,62,Low,Slow,Synthesized,KICK
0.15861948,0.115319274,68,Low,Slow,Synthesized,KICK
0.21299016,0.14932089,79,Low,Slow,Synthesized,KICK
0.22564152,0.15170634,129,Low,Slow,Synthesized,KICK
0.32802874,0.23016843,58,Low,Slow,Synthesized,KICK
0.34491584,0.2462742,61,Low,Slow,Synthesized,KICK
0.26330748,0.16828276,272,Low,Slow,Synthesized,KICK
0.31209928,0.22746572,56,Low,Slow,Synthesized,KICK
0.19985889,0.14078262,76,Low,Slow,Synthesized,KICK
0.1981717,0.14479046,51,Low,Slow,Synthesized,KICK
0.1984093,0.14329273,50,Low,Slow,Synthesized,KICK
0.15926687,0.11580354,69,Low,Slow,Synthesized,KICK
0.16295806,0.1164349,81,Low,Slow,Synthesized,KICK
0.24724288,0.17117041,141,Low,Slow,Synthesized,KICK
0.27994356,0.18990393,157,Low,Slow,Synthesized,KICK
0.26945424,0.18882741,83,Low,Slow,Synthesized,KICK
0.21008337,0.15476602,51,Low,Slow,Synthesized,KICK
0.26438653,0.1889045,138,Low,Slow,Synthesized,KICK
0.49949035,0.32407615,52,Low,Slow,Synthesized,KICK
0.5350958,0.40820682,49,Low,Slow,Synthesized,KICK
0.6472153,0.45748007,68,Low,Slow,Synthesized,KICK
0.3768504,0.27420068,70,Low,Slow,Synthesized,KICK
0.38682455,0.2670102,62,Low,Slow,Synthesized,KICK
0.37222463,0.2660647,60,Low,Slow,Synthesized,KICK
0.30120012,0.22062525,242,Low,Slow,Synthesized,KICK
0.5496548,0.40249112,41,Low,Slow,Synthesized,KICK
0.39551505,0.17965694,1412,Mid,Fast,Acoustic,SNARE
0.1138568,0.07373729,2447,Mid,Fast,Acoustic,SNARE
0.25130734,0.14334695,2184,Mid,Fast,Acoustic,SNARE
0.21881908,0.14627996,2334,Mid,Fast,Acoustic,SNARE
0.10506453,0.050877634,3789,Mid,Fast,Acoustic,SNARE
0.16533805,0.10103127,14733,Mid,Fast,Acoustic,SNARE
0.2405163,0.14365962,1721,Mid,Fast,Acoustic,SNARE
0.6287252,0.447033,1295,Mid,Fast,Acoustic,SNARE
0.48121417,0.2511698,4882,Mid,Fast,Acoustic,SNARE
0.46871197,0.23850934,873,Mid,Fast,Acoustic,SNARE
0.1532216,0.08242498,3637,Mid,Fast,Acoustic,SNARE
0.5705852,0.31845683,2377,Mid,Fast,Acoustic,SNARE
0.49842885,0.27649927,1291,Mid,Fast,Acoustic,SNARE
0.3148117,0.14762685,3102,Mid,Fast,Acoustic,SNARE
0.37875327,0.15835325,3184,Mid,Fast,Acoustic,SNARE
0.14792347,0.08169216,4116,Mid,Fast,Acoustic,SNARE
0.16142273,0.082177565,4466,Mid,Fast,Acoustic,SNARE
0.49744707,0.18075487,2373,Mid,Fast,Acoustic,SNARE
0.494403,0.19986118,2035,Mid,Fast,Acoustic,SNARE
0.18147844,0.08322256,4919,Mid,Fast,Acoustic,SNARE
0.22409104,0.12579322,1375,Mid,Fast,Acoustic,SNARE
0.14113517,0.07043637,686,Mid,Fast,Acoustic,SNARE
0.14348,0.056945737,2609,Mid,Fast,Acoustic,SNARE
0.27582932,0.11246711,985,Mid,Fast,Acoustic,SNARE
0.16886277,0.076825365,1037,Mid,Fast,Acoustic,SNARE
0.21629828,0.10332611,1434,Mid,Fast,Acoustic,SNARE
0.17657928,0.08751495,1316,Mid,Fast,Acoustic,SNARE
0.28182143,0.109088324,2316,Mid,Fast,Acoustic,SNARE
0.2809868,0.119983494,1540,Mid,Fast,Acoustic,SNARE
0.18880604,0.0850069,1859,Mid,Fast,Acoustic,SNARE
0.16602677,0.07065251,1144,Mid,Fast,Acoustic,SNARE
0.1351651,0.056893643,1470,Mid,Fast,Acoustic,SNARE
0.13337511,0.057289764,1392,Mid,Fast,Acoustic,SNARE
0.15922496,0.071994014,1538,Mid,Fast,Acoustic,SNARE
0.21024278,0.09361025,2476,Mid,Fast,Acoustic,SNARE
0.21764769,0.09804862,1597,Mid,Fast,Acoustic,SNARE
0.20690225,0.096482545,2738,Mid,Fast,Acoustic,SNARE
0.19267222,0.0785752,1505,Mid,Fast,Acoustic,SNARE
0.2793864,0.11833885,1912,Mid,Fast,Acoustic,SNARE
0.21393204,0.08255151,3365,Mid,Fast,Acoustic,SNARE
0.036943898,0.018902313,2022,Mid,Fast,Acoustic,SNARE
0.12025233,0.06488836,419,Mid,Fast,Acoustic,SNARE
0.08508564,0.043057874,965,Mid,Fast,Acoustic,SNARE
0.09629648,0.035454486,2209,Mid,Fast,Acoustic,SNARE
0.14443885,0.0804064,435,Mid,Fast,Acoustic,SNARE
0.14092356,0.05467592,1289,Mid,Fast,Acoustic,SNARE
0.15506515,0.0713904,870,Mid,Fast,Acoustic,SNARE
0.05800011,0.02403198,4840,Mid,Fast,Acoustic,SNARE
0.050325666,0.023323063,752,Mid,Fast,Acoustic,SNARE
0.07197135,0.029917073,2600,Mid,Fast,Acoustic,SNARE
0.10421244,0.042399712,2087,Mid,Fast,Acoustic,SNARE
0.12544723,0.051652305,1525,Mid,Fast,Acoustic,SNARE
0.060086567,0.025800651,2363,Mid,Fast,Acoustic,SNARE
0.05360921,0.031814944,686,Mid,Fast,Acoustic,SNARE
0.13174002,0.052645933,4474,Mid,Fast,Acoustic,SNARE
0.11455463,0.046222597,3288,Mid,Fast,Acoustic,SNARE
0.06468782,0.03190682,2412,Mid,Fast,Acoustic,SNARE
0.06832341,0.026278907,6643,Mid,Fast,Acoustic,SNARE
0.078930445,0.029502355,4436,Mid,Fast,Acoustic,SNARE
0.13093276,0.058348972,4263,Mid,Fast,Acoustic,SNARE
0.069257826,0.03477661,2442,Mid,Fast,Acoustic,SNARE
0.0876443,0.039937243,2730,Mid,Fast,Acoustic,SNARE
0.19214465,0.07045887,4876,Mid,Fast,Acoustic,SNARE
0.18912905,0.07797614,4077,Mid,Fast,Acoustic,SNARE
0.12655595,0.059495583,2489,Mid,Fast,Acoustic,SNARE
0.18339454,0.0724126,5072,Mid,Fast,Acoustic,SNARE
0.15981306,0.05841962,4310,Mid,Fast,Acoustic,SNARE
0.173957,0.066942096,4186,Mid,Fast,Acoustic,SNARE
0.22587717,0.08765052,2350,Mid,Fast,Acoustic,SNARE
0.193522,0.06965512,4156,Mid,Fast,Acoustic,SNARE
0.20159908,0.09158414,1516,Mid,Fast,Acoustic,SNARE
0.17729683,0.06705096,6389,Mid,Fast,Acoustic,SNARE
0.19821525,0.071581386,9135,Mid,Fast,Acoustic,SNARE
0.19849783,0.091553025,2437,Mid,Fast,Acoustic,SNARE
0.21188556,0.10398215,1038,Mid,Fast,Acoustic,SNARE
0.23763654,0.090861276,4864,Mid,Fast,Acoustic,SNARE
0.1929434,0.081123024,2054,Mid,Fast,Acoustic,SNARE
0.1423398,0.067702085,1165,Mid,Fast,Acoustic,SNARE
0.28205204,0.11587381,1982,Mid,Fast,Acoustic,SNARE
0.2875965,0.12217563,1798,Mid,Fast,Acoustic,SNARE
0.26402754,0.13076162,2310,Mid,Fast,Acoustic,SNARE
0.21224257,0.09331555,3038,Mid,Fast,Acoustic,SNARE
0.21455128,0.10620475,1004,Mid,Fast,Acoustic,SNARE
0.16202505,0.0757786,3423,Mid,Fast,Acoustic,SNARE
0.27950287,0.1344185,1134,Mid,Fast,Acoustic,SNARE
0.18172607,0.08321809,1593,Mid,Fast,Acoustic,SNARE
0.35931855,0.12472893,4319,Mid,Fast,Acoustic,SNARE
0.19611242,0.07800103,4035,Mid,Fast,Acoustic,SNARE
0.175029,0.07270725,2572,Mid,Fast,Acoustic,SNARE
0.14060433,0.05780379,5654,Mid,Fast,Acoustic,SNARE
0.18726112,0.07503723,1436,Mid,Fast,Acoustic,SNARE
0.29408756,0.1432311,3227,Mid,Fast,Acoustic,SNARE
0.2667889,0.12239238,1323,Mid,Fast,Acoustic,SNARE
0.29049763,0.11288061,1589,Mid,Fast,Acoustic,SNARE
0.46257436,0.24267977,732,Mid,Fast,Acoustic,SNARE
0.2951912,0.1527585,1433,Mid,Fast,Acoustic,SNARE
0.3461035,0.17277987,1342,Mid,Fast,Acoustic,SNARE
0.54456955,0.26165956,1046,Mid,Fast,Acoustic,SNARE
0.2722346,0.13149752,400,Mid,Fast,Acoustic,SNARE
0.22015433,0.09529437,4473,Mid,Fast,Acoustic,SNARE
0.1249239,0.05318979,7007,Mid,Fast,Natural,CLAP
0.092660315,0.035474304,9344,Mid,Fast,Natural,CLAP
0.17581442,0.07397588,1380,Mid,Fast,Natural,CLAP
0.17783338,0.09195255,5513,Mid,Fast,Natural,CLAP
0.24130115,0.083814606,1509,Mid,Fast,Natural,CLAP
0.3881981,0.16168468,3320,Mid,Fast,Natural,CLAP
0.16104126,0.062273465,1758,Mid,Fast,Natural,CLAP
0.16779949,0.058688153,3375,Mid,Fast,Natural,CLAP
0.12394394,0.044214003,3135,Mid,Fast,Natural,CLAP
0.1115959,0.03996651,3024,Mid,Fast,Natural,CLAP
0.1432751,0.04805885,3022,Mid,Fast,Natural,CLAP
0.12985964,0.059406377,3853,Mid,Fast,Natural,CLAP
0.14150676,0.05785215,5254,Mid,Fast,Natural,CLAP
0.16367306,0.0834197,4959,Mid,Fast,Natural,CLAP
0.8087221,0.3995412,1174,Mid,Fast,Natural,CLAP
0.08869362,0.03343276,4177,Mid,Fast,Natural,CLAP
0.23545074,0.0808992,2238,Mid,Fast,Natural,CLAP
0.06758213,0.032548744,4947,Mid,Fast,Natural,CLAP
0.117707826,0.047739305,6020,Mid,Fast,Natural,CLAP
0.14125608,0.057833347,2993,Mid,Fast,Natural,CLAP
0.581579,0.2401509,1570,Mid,Fast,Natural,CLAP
0.12855084,0.04400546,3473,Mid,Fast,Natural,CLAP
0.31054565,0.12624818,1366,Mid,Fast,Natural,CLAP
0.17735626,0.08111921,2574,Mid,Fast,Natural,CLAP
0.11386368,0.038413875,2730,Mid,Fast,Natural,CLAP
0.114608765,0.041732624,3490,Mid,Fast,Natural,CLAP
0.13117711,0.039818607,1448,Mid,Fast,Natural,CLAP
0.22727585,0.06652736,1245,Mid,Fast,Natural,CLAP
0.08527154,0.024363108,3279,Mid,Fast,Natural,CLAP
0.13471985,0.043630794,2771,Mid,Fast,Natural,CLAP
0.19545688,0.060439043,429,Mid,Fast,Natural,CLAP
0.17798556,0.061096285,420,Mid,Fast,Natural,CLAP
0.10645379,0.03889726,379,Mid,Fast,Natural,CLAP
0.107298955,0.030941173,5289,Mid,Fast,Natural,CLAP
0.058558773,0.018428696,3290,Mid,Fast,Natural,CLAP
0.24477047,0.049118143,966,Mid,Fast,Natural,CLAP
0.26406097,0.06565043,728,Mid,Fast,Natural,CLAP
0.16480364,0.05450391,1034,Mid,Fast,Natural,CLAP
0.06395879,0.020226358,5864,Mid,Fast,Natural,CLAP
0.16793899,0.05607134,827,Mid,Fast,Natural,CLAP
0.17471549,0.059507925,322,Mid,Fast,Natural,CLAP
0.3751983,0.1242959,2862,Mid,Fast,Natural,CLAP
0.08239833,0.024273317,1335,Mid,Fast,Natural,CLAP
0.046900783,0.013185839,6745,Mid,Fast,Natural,CLAP
0.09758986,0.032018494,2368,Mid,Fast,Natural,CLAP
0.12401757,0.04307933,7264,Mid,Fast,Natural,CLAP
0.117971145,0.050819196,2006,Mid,Fast,Natural,CLAP
0.18020274,0.07221792,3353,Mid,Fast,Natural,CLAP
0.08782716,0.037650753,7128,Mid,Fast,Natural,CLAP
0.07153414,0.03581202,3280,Mid,Fast,Natural,CLAP
0.19764432,0.106323116,1948,Mid,Fast,Natural,CLAP
0.15053265,0.060103476,5109,Mid,Fast,Natural,CLAP
0.13239034,0.05124897,1962,Mid,Fast,Natural,CLAP
0.19236374,0.06033548,4969,Mid,Fast,Natural,CLAP
0.17318529,0.06700316,1332,Mid,Fast,Natural,CLAP
0.09185621,0.044429846,3405,Mid,Fast,Natural,CLAP
0.15053059,0.06243985,5769,Mid,Fast,Natural,CLAP
0.15340838,0.07424574,2906,Mid,Fast,Natural,CLAP
0.16628985,0.0941566,1695,Mid,Fast,Natural,CLAP
0.2617908,0.09828217,889,Mid,Fast,Natural,CLAP
0.12749052,0.052963793,2406,Mid,Fast,Natural,CLAP
0.16477537,0.056142744,2418,Mid,Fast,Natural,CLAP
0.19488199,0.06874605,2474,Mid,Fast,Natural,CLAP
0.21062168,0.063775994,1995,Mid,Fast,Natural,CLAP
0.18319985,0.06595674,2735,Mid,Fast,Natural,CLAP
0.13159834,0.045972932,2555,Mid,Fast,Natural,CLAP
0.06499841,0.022708919,6569,Mid,Fast,Natural,CLAP
0.05651943,0.016459242,8365,Mid,Fast,Natural,CLAP
0.054154847,0.014743087,6488,Mid,Fast,Natural,CLAP
0.03602705,0.010925326,5292,Mid,Fast,Natural,CLAP
0.05549902,0.014159915,6391,Mid,Fast,Natural,CLAP
0.04872605,0.016314235,4003,Mid,Fast,Natural,CLAP
0.062450714,0.020975353,2020,Mid,Fast,Natural,CLAP
0.049147684,0.012875423,3351,Mid,Fast,Natural,CLAP
0.04114664,0.011540654,1236,Mid,Fast,Natural,CLAP
0.08064147,0.0218949,5557,Mid,Fast,Natural,CLAP
0.10902588,0.036672156,2899,Mid,Fast,Natural,CLAP
0.15669818,0.04074609,3562,Mid,Fast,Natural,CLAP
0.1430573,0.053243086,2873,Mid,Fast,Natural,CLAP
0.11423706,0.043374687,5010,Mid,Fast,Natural,CLAP
0.13083239,0.0497702,3405,Mid,Fast,Natural,CLAP
0.08528016,0.025679665,2897,Mid,Fast,Natural,CLAP
0.10809186,0.035717342,2195,Mid,Fast,Natural,CLAP
0.28399944,0.096792266,3658,Mid,Fast,Natural,CLAP
0.19082548,0.061582502,3203,Mid,Fast,Natural,CLAP
0.097265266,0.029469807,3114,Mid,Fast,Natural,CLAP
0.12768826,0.045001335,3545,Mid,Fast,Natural,CLAP
0.12198599,0.03984531,4942,Mid,Fast,Natural,CLAP
0.0850294,0.032838833,4101,Mid,Fast,Natural,CLAP
0.15605643,0.06376392,2413,Mid,Fast,Natural,CLAP
0.14214544,0.051373497,1717,Mid,Fast,Natural,CLAP
0.09105018,0.031209312,2835,Mid,Fast,Natural,CLAP
0.15619263,0.04728656,1498,Mid,Fast,Natural,CLAP
0.1845657,0.06076982,3287,Mid,Fast,Natural,CLAP
0.14842224,0.048515245,1137,Mid,Fast,Natural,CLAP
0.1504414,0.05495066,3165,Mid,Fast,Natural,CLAP
0.34156486,0.11742192,4119,Mid,Fast,Natural,CLAP
0.12869544,0.046633255,5639,Mid,Fast,Natural,CLAP
0.23072016,0.07849001,3552,Mid,Fast,Natural,CLAP
0.29305267,0.093871735,746,Mid,Fast,Natural,CLAP
0.06578362,0.043514255,197,Low,Slow,Acoustic,TOM
0.07058258,0.040046047,190,Low,Slow,Acoustic,TOM
0.060259063,0.032512985,267,Low,Slow,Acoustic,TOM
0.087751895,0.057359733,270,Low,Slow,Acoustic,TOM
0.091063276,0.057556298,136,Low,Slow,Acoustic,TOM
0.085912704,0.055425465,252,Low,Slow,Acoustic,TOM
0.08508424,0.057453226,230,Low,Slow,Acoustic,TOM
0.10044001,0.058368348,191,Low,Slow,Acoustic,TOM
0.08608017,0.065843046,169,Low,Slow,Acoustic,TOM
0.0810375,0.055399943,194,Low,Slow,Acoustic,TOM
0.11646142,0.08002046,213,Low,Slow,Acoustic,TOM
0.09220377,0.07049083,107,Low,Slow,Acoustic,TOM
0.21785885,0.15319076,204,Low,Slow,Acoustic,TOM
0.13738011,0.09651089,176,Low,Slow,Acoustic,TOM
0.10194432,0.050333887,708,Low,Slow,Acoustic,TOM
0.10670051,0.06320455,624,Low,Slow,Acoustic,TOM
0.15333821,0.107550085,143,Low,Slow,Acoustic,TOM
0.13542421,0.092408665,194,Low,Slow,Acoustic,TOM
0.1365438,0.093912065,199,Low,Slow,Acoustic,TOM
0.07611189,0.049036592,275,Low,Slow,Acoustic,TOM
0.08381877,0.047423586,235,Low,Slow,Acoustic,TOM
0.157024,0.10270544,119,Low,Slow,Acoustic,TOM
0.071107045,0.04656968,259,Low,Slow,Acoustic,TOM
0.13011795,0.09330161,320,Low,Slow,Acoustic,TOM
0.1282424,0.09084781,153,Low,Slow,Acoustic,TOM
0.11679796,0.07232235,185,Low,Slow,Acoustic,TOM
0.073904335,0.040593334,431,Low,Slow,Acoustic,TOM
0.0990562,0.058011245,178,Low,Slow,Acoustic,TOM
0.073147096,0.05178369,246,Low,Slow,Acoustic,TOM
0.114414945,0.07903547,365,Low,Slow,Acoustic,TOM
0.14746179,0.10302886,188,Low,Slow,Acoustic,TOM
0.1853042,0.109578736,200,Low,Slow,Acoustic,TOM
0.17818706,0.09820646,199,Low,Slow,Acoustic,TOM
0.19949232,0.1323943,85,Low,Slow,Acoustic,TOM
0.29841486,0.1871026,170,Low,Slow,Acoustic,TOM
0.20999044,0.13823646,80,Low,Slow,Acoustic,TOM
0.13310969,0.07610752,174,Low,Slow,Acoustic,TOM
0.20746867,0.119668305,150,Low,Slow,Acoustic,TOM
0.20559353,0.11200451,149,Low,Slow,Acoustic,TOM
0.14703695,0.08027689,206,Low,Slow,Acoustic,TOM
0.07999411,0.042155232,203,Low,Slow,Acoustic,TOM
0.10443308,0.057219494,231,Low,Slow,Acoustic,TOM
0.08963118,0.05805869,60,Low,Slow,Acoustic,TOM
0.15847498,0.10266247,140,Low,Slow,Acoustic,TOM
0.11626583,0.06881547,614,Low,Slow,Acoustic,TOM
0.11590769,0.0644394,132,Low,Slow,Acoustic,TOM
0.069103375,0.04084435,281,Low,Slow,Acoustic,TOM
0.12110515,0.07510891,133,Low,Slow,Acoustic,TOM
0.1026478,0.06538812,245,Low,Slow,Acoustic,TOM
0.11552587,0.06503973,223,Low,Slow,Acoustic,TOM
0.1483905,0.10000362,270,Low,Slow,Acoustic,TOM
0.08214701,0.05013159,100,Low,Slow,Acoustic,TOM
0.069875605,0.037033156,178,Low,Slow,Acoustic,TOM
0.14022389,0.07676996,480,Low,Slow,Acoustic,TOM
0.12258999,0.077939354,126,Low,Slow,Acoustic,TOM
0.05027385,0.026042368,391,Low,Slow,Acoustic,TOM
0.060471985,0.033187512,574,Low,Slow,Acoustic,TOM
0.18150838,0.10674832,2227,Low,Slow,Acoustic,TOM
0.055281363,0.029718509,443,Low,Slow,Acoustic,TOM
0.12251124,0.07636219,350,Low,Slow,Acoustic,TOM
0.18468046,0.10938889,188,Low,Slow,Acoustic,TOM
0.21090403,0.12100504,216,Low,Slow,Acoustic,TOM
0.26045427,0.16351199,115,Low,Slow,Acoustic,TOM
0.25508747,0.14466265,451,Low,Slow,Acoustic,TOM
0.12544091,0.07620081,267,Low,Slow,Acoustic,TOM
0.14441346,0.07517239,908,Low,Slow,Acoustic,TOM
0.11833401,0.07297809,371,Low,Slow,Acoustic,TOM
0.13466161,0.089420505,231,Low,Slow,Acoustic,TOM
0.129649,0.07699148,229,Low,Slow,Acoustic,TOM
0.06513312,0.031921797,727,Low,Slow,Acoustic,TOM
0.1978262,0.1253723,130,Low,Slow,Acoustic,TOM
0.13564342,0.076194905,631,Low,Slow,Acoustic,TOM
0.16897303,0.11323015,130,Low,Slow,Acoustic,TOM
0.11642537,0.08963309,206,Low,Slow,Acoustic,TOM
0.15571052,0.08602258,241,Low,Slow,Acoustic,TOM
0.17384404,0.12533072,392,Low,Slow,Acoustic,TOM
0.2514903,0.1646939,83,Low,Slow,Acoustic,TOM
0.49054348,0.27704278,411,Low,Slow,Acoustic,TOM
0.12337389,0.06616928,481,Low,Slow,Acoustic,TOM
0.37383994,0.18926665,413,Low,Slow,Acoustic,TOM
0.19852732,0.12039281,375,Low,Slow,Acoustic,TOM
0.27783445,0.13762717,476,Low,Slow,Acoustic,TOM
0.19712593,0.11592396,1672,Low,Slow,Acoustic,TOM
0.15184575,0.08230054,106,Low,Slow,Acoustic,TOM
0.15242337,0.08921384,115,Low,Slow,Acoustic,TOM
0.13637908,0.08234112,129,Low,Slow,Acoustic,TOM
0.23738821,0.16083379,134,Low,Slow,Acoustic,TOM
0.25716838,0.18019442,150,Low,Slow,Acoustic,TOM
0.3362126,0.23462062,90,Low,Slow,Acoustic,TOM
0.32439616,0.22787204,137,Low,Slow,Acoustic,TOM
0.26798165,0.17795743,315,Low,Slow,Acoustic,TOM
0.26855248,0.18879351,153,Low,Slow,Acoustic,TOM
0.24021445,0.15917872,117,Low,Slow,Acoustic,TOM
0.3317529,0.23125719,342,Low,Slow,Acoustic,TOM
0.21947068,0.13269946,125,Low,Slow,Acoustic,TOM
0.20017716,0.117089905,126,Low,Slow,Acoustic,TOM
0.22880901,0.122609876,86,Low,Slow,Acoustic,TOM
0.43162197,0.25536132,251,Low,Slow,Acoustic,TOM
0.31952837,0.17760162,196,Low,Slow,Acoustic,TOM
0.1196381,0.06566196,816,Low,Slow,Acoustic,TOM
0.08412619,0.037454255,2420,High,Fast,Acoustic,CLS HIHAT
0.4464024,0.15178144,1628,High,Fast,Acoustic,CLS HIHAT
0.115712486,0.048859447,3110,High,Fast,Acoustic,CLS HIHAT
0.23616758,0.07985547,2315,High,Fast,Acoustic,CLS HIHAT
0.16040984,0.058312185,2927,High,Fast,Acoustic,CLS HIHAT
0.35810262,0.1350448,816,High,Fast,Acoustic,CLS HIHAT
0.12623936,0.09735349,965,High,Fast,Acoustic,CLS HIHAT
0.28738168,0.10529411,1370,High,Fast,Acoustic,CLS HIHAT
0.11955547,0.09257989,998,High,Fast,Acoustic,CLS HIHAT
0.12609863,0.03978227,1923,High,Fast,Acoustic,CLS HIHAT
0.24200855,0.10172691,1591,High,Fast,Acoustic,CLS HIHAT
0.04059809,0.014268016,3746,High,Fast,Acoustic,CLS HIHAT
0.10940933,0.03685463,1525,High,Fast,Acoustic,CLS HIHAT
0.18763968,0.07485442,3952,High,Fast,Acoustic,CLS HIHAT
0.20828083,0.08366394,1134,High,Fast,Acoustic,CLS HIHAT
0.21862088,0.08003692,2005,High,Fast,Acoustic,CLS HIHAT
0.094270185,0.039104138,1838,High,Fast,Acoustic,CLS HIHAT
0.18992892,0.07878026,2115,High,Fast,Acoustic,CLS HIHAT
0.16471586,0.09011329,2726,High,Fast,Acoustic,CLS HIHAT
0.21520841,0.07396115,1174,High,Fast,Acoustic,CLS HIHAT
0.18761097,0.0786424,1871,High,Fast,Acoustic,CLS HIHAT
0.33877614,0.11597487,1512,High,Fast,Acoustic,CLS HIHAT
0.2526271,0.08894689,2181,High,Fast,Acoustic,CLS HIHAT
0.09082092,0.02948501,4358,High,Fast,Acoustic,CLS HIHAT
0.29298392,0.09078116,2381,High,Fast,Acoustic,CLS HIHAT
0.06579009,0.033447105,1583,High,Fast,Acoustic,CLS HIHAT
0.1117961,0.04085193,4525,High,Fast,Acoustic,CLS HIHAT
0.13845535,0.0435585,4238,High,Fast,Acoustic,CLS HIHAT
0.09370373,0.03206766,6465,High,Fast,Acoustic,CLS HIHAT
0.34796292,0.10713533,1783,High,Fast,Acoustic,CLS HIHAT
0.112725,0.05745776,1225,High,Fast,Acoustic,CLS HIHAT
0.16299438,0.061197817,2524,High,Fast,Acoustic,CLS HIHAT
0.21485665,0.07216922,2060,High,Fast,Acoustic,CLS HIHAT
0.31876597,0.118776076,914,High,Fast,Acoustic,CLS HIHAT
0.1261125,0.055855907,466,High,Fast,Acoustic,CLS HIHAT
0.28604266,0.10982668,1555,High,Fast,Acoustic,CLS HIHAT
0.100456975,0.036151793,6361,High,Fast,Acoustic,CLS HIHAT
0.10069953,0.03509569,4233,High,Fast,Acoustic,CLS HIHAT
0.06500898,0.02800394,2810,High,Fast,Acoustic,CLS HIHAT
0.07168102,0.03208423,1367,High,Fast,Acoustic,CLS HIHAT
0.09734163,0.035903532,2146,High,Fast,Acoustic,CLS HIHAT
0.09625721,0.055155233,1747,High,Fast,Acoustic,CLS HIHAT
0.156581,0.0539998,1357,High,Fast,Acoustic,CLS HIHAT
0.097997814,0.038153075,2024,High,Fast,Acoustic,CLS HIHAT
0.20287311,0.08480371,1030,High,Fast,Acoustic,CLS HIHAT
0.099962234,0.046333488,992,High,Fast,Acoustic,CLS HIHAT
0.16547585,0.06573571,2751,High,Fast,Acoustic,CLS HIHAT
0.08993149,0.029253537,959,High,Fast,Acoustic,CLS HIHAT
0.14498636,0.04590963,3672,High,Fast,Acoustic,CLS HIHAT
0.16558602,0.0620485,2847,High,Fast,Acoustic,CLS HIHAT
0.16905935,0.07286575,2632,High,Fast,Acoustic,CLS HIHAT
0.146954,0.053103466,3474,High,Fast,Acoustic,CLS HIHAT
0.0754206,0.023111513,2717,High,Fast,Acoustic,CLS HIHAT
0.12474899,0.044155218,5414,High,Fast,Acoustic,CLS HIHAT
0.27298355,0.11888486,3678,High,Fast,Acoustic,CLS HIHAT
0.17574519,0.0693504,2637,High,Fast,Acoustic,CLS HIHAT
0.28906554,0.07051511,1982,High,Fast,Acoustic,CLS HIHAT
0.15120545,0.05430459,2208,High,Fast,Acoustic,CLS HIHAT
0.27936172,0.090455025,976,High,Fast,Acoustic,CLS HIHAT
0.1088889,0.040567596,2852,High,Fast,Acoustic,CLS HIHAT
0.13279216,0.043081246,3357,High,Fast,Acoustic,CLS HIHAT
0.23392995,0.09759279,1271,High,Fast,Acoustic,CLS HIHAT
0.13171895,0.051613614,2934,High,Fast,Acoustic,CLS HIHAT
0.36694553,0.15792443,1615,High,Fast,Acoustic,CLS HIHAT
0.31300354,0.12873198,2304,High,Fast,Acoustic,CLS HIHAT
0.31254578,0.13208805,1866,High,Fast,Acoustic,CLS HIHAT
0.33773804,0.13783415,1606,High,Fast,Acoustic,CLS HIHAT
0.17386779,0.071549125,3327,High,Fast,Acoustic,CLS HIHAT
0.31716156,0.12915385,1918,High,Fast,Acoustic,CLS HIHAT
0.44618443,0.21883307,1790,High,Fast,Acoustic,CLS HIHAT
0.4262619,0.21317539,1798,High,Fast,Acoustic,CLS HIHAT
0.34228298,0.16431932,1766,High,Fast,Acoustic,CLS HIHAT
0.32034683,0.15436187,1796,High,Fast,Acoustic,CLS HIHAT
0.39288113,0.17654581,1634,High,Fast,Acoustic,CLS HIHAT
0.10470581,0.031574804,2113,High,Fast,Acoustic,CLS HIHAT
0.26467243,0.094418086,1953,High,Fast,Acoustic,CLS HIHAT
0.3447309,0.11999548,1562,High,Fast,Acoustic,CLS HIHAT
0.29812345,0.12940706,3271,High,Fast,Acoustic,CLS HIHAT
0.27398247,0.10942898,1656,High,Fast,Acoustic,CLS HIHAT
0.21527405,0.07308011,1465,High,Fast,Acoustic,CLS HIHAT
0.3731791,0.1279065,1794,High,Fast,Acoustic,CLS HIHAT
0.26285484,0.10394659,2231,High,Fast,Acoustic,CLS HIHAT
0.3113846,0.12090652,1744,High,Fast,Acoustic,CLS HIHAT
0.23142888,0.09290505,2325,High,Fast,Acoustic,CLS HIHAT
0.4903946,0.20558904,1133,High,Fast,Acoustic,CLS HIHAT
0.18925628,0.07448791,2023,High,Fast,Acoustic,CLS HIHAT
0.27575302,0.09841646,1756,High,Fast,Acoustic,CLS HIHAT
0.25842538,0.10829744,1155,High,Fast,Acoustic,CLS HIHAT
0.24255648,0.0997945,1869,High,Fast,Acoustic,CLS HIHAT
0.21381734,0.082221344,2850,High,Fast,Acoustic,CLS HIHAT
0.26150513,0.10470228,1504,High,Fast,Acoustic,CLS HIHAT
0.149874,0.05831458,3176,High,Fast,Acoustic,CLS HIHAT
0.27721977,0.108723916,1828,High,Fast,Acoustic,CLS HIHAT
0.18336605,0.071797006,2776,High,Fast,Acoustic,CLS HIHAT
0.17991777,0.07870981,2342,High,Fast,Acoustic,CLS HIHAT
0.091672115,0.041861054,3809,High,Fast,Acoustic,CLS HIHAT
0.45931754,0.16688697,1990,High,Fast,Acoustic,CLS HIHAT
0.19550832,0.073990695,3066,High,Fast,Acoustic,CLS HIHAT
0.42923737,0.18488175,604,High,Fast,Acoustic,CLS HIHAT
0.24612935,0.112251095,1981,High,Fast,Acoustic,CLS HIHAT
